tahun,provinsi,kabupaten_kota,kecamatan,kelurahan,jenis_kelamin,jumlah
2020,DKI Jakarta,ADM. KEPULAUAN SERIBU,KEPULAUAN SERIBU UTARA,PULAU PANGGANG,Laki-Laki,1752
2020,DKI Jakarta,ADM. KEPULAUAN SERIBU,KEPULAUAN SERIBU UTARA,PULAU KELAPA,Laki-Laki,1794
2020,DKI Jakarta,ADM. KEPULAUAN SERIBU,KEPULAUAN SERIBU UTARA,PULAU HARAPAN,Laki-Laki,660
2020,DKI Jakarta,ADM. KEPULAUAN SERIBU,KEPULAUAN SERIBU SELATAN,PULAU UNTUNG JAWA,Laki-Laki,630
2020,DKI Jakarta,ADM. KEPULAUAN SERIBU,KEPULAUAN SERIBU SELATAN,PULAU TIDUNG,Laki-Laki,1487
2020,DKI Jakarta,ADM. KEPULAUAN SERIBU,KEPULAUAN SERIBU SELATAN,PULAU PARI,Laki-Laki,938
2020,DKI Jakarta,JAKARTA PUSAT,GAMBIR,GAMBIR,Laki-Laki,844
2020,DKI Jakarta,JAKARTA PUSAT,GAMBIR,CIDENG,Laki-Laki,4987
2020,DKI Jakarta,JAKARTA PUSAT,GAMBIR,PETOJO UTARA,Laki-Laki,5661
2020,DKI Jakarta,JAKARTA PUSAT,GAMBIR,PETOJO SELATAN,Laki-Laki,5223
2020,DKI Jakarta,JAKARTA PUSAT,GAMBIR,KEBON KELAPA,Laki-Laki,3454
2020,DKI Jakarta,JAKARTA PUSAT,GAMBIR,DURI PULO,Laki-Laki,6452
2020,DKI Jakarta,JAKARTA PUSAT,SAWAH BESAR,PASAR BARU,Laki-Laki,4171
2020,DKI Jakarta,JAKARTA PUSAT,SAWAH BESAR,KARANG ANYAR,Laki-Laki,8481
2020,DKI Jakarta,JAKARTA PUSAT,SAWAH BESAR,KARTINI,Laki-Laki,7014
2020,DKI Jakarta,JAKARTA PUSAT,SAWAH BESAR,GUNUNG SAHARI UTARA,Laki-Laki,5194
2020,DKI Jakarta,JAKARTA PUSAT,SAWAH BESAR,MANGGA DUA SELATAN,Laki-Laki,9456
2020,DKI Jakarta,JAKARTA PUSAT,KEMAYORAN,KEMAYORAN,Laki-Laki,6823
2020,DKI Jakarta,JAKARTA PUSAT,KEMAYORAN,KEBON KOSONG,Laki-Laki,9729
2020,DKI Jakarta,JAKARTA PUSAT,KEMAYORAN,HARAPAN MULIA,Laki-Laki,7430
2020,DKI Jakarta,JAKARTA PUSAT,KEMAYORAN,SERDANG,Laki-Laki,9650
2020,DKI Jakarta,JAKARTA PUSAT,KEMAYORAN,GUNUNG SAHARI SELATAN,Laki-Laki,6282
2020,DKI Jakarta,JAKARTA PUSAT,KEMAYORAN,CEMPAKA BARU,Laki-Laki,10906
2020,DKI Jakarta,JAKARTA PUSAT,KEMAYORAN,SUMUR BATU,Laki-Laki,7477
2020,DKI Jakarta,JAKARTA PUSAT,KEMAYORAN,UTAN PANJANG,Laki-Laki,9820
2020,DKI Jakarta,JAKARTA PUSAT,S E N E N,SENEN,Laki-Laki,2309
2020,DKI Jakarta,JAKARTA PUSAT,S E N E N,KENARI,Laki-Laki,3120
2020,DKI Jakarta,JAKARTA PUSAT,S E N E N,PASEBAN,Laki-Laki,7796
2020,DKI Jakarta,JAKARTA PUSAT,S E N E N,KRAMAT,Laki-Laki,9406
2020,DKI Jakarta,JAKARTA PUSAT,S E N E N,KWITANG,Laki-Laki,4991
2020,DKI Jakarta,JAKARTA PUSAT,S E N E N,BUNGUR,Laki-Laki,6044
2020,DKI Jakarta,JAKARTA PUSAT,CEMPAKA PUTIH,CEMPAKA PUTIH TIMUR,Laki-Laki,7795
2020,DKI Jakarta,JAKARTA PUSAT,CEMPAKA PUTIH,CEMPAKA PUTIH BARAT,Laki-Laki,11666
2020,DKI Jakarta,JAKARTA PUSAT,CEMPAKA PUTIH,RAWASARI,Laki-Laki,7233
2020,DKI Jakarta,JAKARTA PUSAT,MENTENG,MENTENG,Laki-Laki,8095
2020,DKI Jakarta,JAKARTA PUSAT,MENTENG,PEGANGSAAN,Laki-Laki,7407
2020,DKI Jakarta,JAKARTA PUSAT,MENTENG,CIKINI,Laki-Laki,2700
2020,DKI Jakarta,JAKARTA PUSAT,MENTENG,GONDANGDIA,Laki-Laki,1164
2020,DKI Jakarta,JAKARTA PUSAT,MENTENG,KEBON SIRIH,Laki-Laki,4110
2020,DKI Jakarta,JAKARTA PUSAT,TANAH ABANG,GELORA,Laki-Laki,1049
2020,DKI Jakarta,JAKARTA PUSAT,TANAH ABANG,BENDUNGAN HILIR,Laki-Laki,7083
2020,DKI Jakarta,JAKARTA PUSAT,TANAH ABANG,KARET TENGSIN,Laki-Laki,6452
2020,DKI Jakarta,JAKARTA PUSAT,TANAH ABANG,PETAMBURAN,Laki-Laki,11014
2020,DKI Jakarta,JAKARTA PUSAT,TANAH ABANG,KEBON MELATI,Laki-Laki,10900
2020,DKI Jakarta,JAKARTA PUSAT,TANAH ABANG,KEBON KACANG,Laki-Laki,6893
2020,DKI Jakarta,JAKARTA PUSAT,TANAH ABANG,KAMPUNG BALI,Laki-Laki,3696
2020,DKI Jakarta,JAKARTA PUSAT,JOHAR BARU,JOHAR BARU,Laki-Laki,11716
2020,DKI Jakarta,JAKARTA PUSAT,JOHAR BARU,KAMPUNG RAWA,Laki-Laki,6853
2020,DKI Jakarta,JAKARTA PUSAT,JOHAR BARU,GALUR,Laki-Laki,5823
2020,DKI Jakarta,JAKARTA PUSAT,JOHAR BARU,TANAH TINGGI,Laki-Laki,12128
2020,DKI Jakarta,JAKARTA UTARA,PENJARINGAN,PENJARINGAN,Laki-Laki,30539
2020,DKI Jakarta,JAKARTA UTARA,PENJARINGAN,KAMAL MUARA,Laki-Laki,4104
2020,DKI Jakarta,JAKARTA UTARA,PENJARINGAN,KAPUK MUARA,Laki-Laki,11284
2020,DKI Jakarta,JAKARTA UTARA,PENJARINGAN,PEJAGALAN,Laki-Laki,23469
2020,DKI Jakarta,JAKARTA UTARA,PENJARINGAN,PLUIT,Laki-Laki,14843
2020,DKI Jakarta,JAKARTA UTARA,TANJUNG PRIOK,TANJUNG PRIOK,Laki-Laki,11475
2020,DKI Jakarta,JAKARTA UTARA,TANJUNG PRIOK,SUNTER JAYA,Laki-Laki,20348
2020,DKI Jakarta,JAKARTA UTARA,TANJUNG PRIOK,PAPANGGO,Laki-Laki,12798
2020,DKI Jakarta,JAKARTA UTARA,TANJUNG PRIOK,SUNGAI BAMBU,Laki-Laki,9699
2020,DKI Jakarta,JAKARTA UTARA,TANJUNG PRIOK,KEBON BAWANG,Laki-Laki,16813
2020,DKI Jakarta,JAKARTA UTARA,TANJUNG PRIOK,SUNTER AGUNG,Laki-Laki,22445
2020,DKI Jakarta,JAKARTA UTARA,TANJUNG PRIOK,WARAKAS,Laki-Laki,14694
2020,DKI Jakarta,JAKARTA UTARA,KOJA,KOJA,Laki-Laki,9503
2020,DKI Jakarta,JAKARTA UTARA,KOJA,TUGU UTARA,Laki-Laki,21909
2020,DKI Jakarta,JAKARTA UTARA,KOJA,LAGOA,Laki-Laki,18977
2020,DKI Jakarta,JAKARTA UTARA,KOJA,RAWA BADAK UTARA,Laki-Laki,11115
2020,DKI Jakarta,JAKARTA UTARA,KOJA,TUGU SELATAN,Laki-Laki,12890
2020,DKI Jakarta,JAKARTA UTARA,KOJA,RAWA BADAK SELATAN,Laki-Laki,13791
2020,DKI Jakarta,JAKARTA UTARA,CILINCING,CILINCING,Laki-Laki,14075
2020,DKI Jakarta,JAKARTA UTARA,CILINCING,SUKAPURA,Laki-Laki,18761
2020,DKI Jakarta,JAKARTA UTARA,CILINCING,MARUNDA,Laki-Laki,8953
2020,DKI Jakarta,JAKARTA UTARA,CILINCING,KALIBARU,Laki-Laki,22139
2020,DKI Jakarta,JAKARTA UTARA,CILINCING,SEMPER TIMUR,Laki-Laki,11796
2020,DKI Jakarta,JAKARTA UTARA,CILINCING,ROROTAN,Laki-Laki,13396
2020,DKI Jakarta,JAKARTA UTARA,CILINCING,SEMPER BARAT,Laki-Laki,22712
2020,DKI Jakarta,JAKARTA UTARA,PADEMANGAN,PADEMANGAN TIMUR,Laki-Laki,11774
2020,DKI Jakarta,JAKARTA UTARA,PADEMANGAN,PADEMANGAN BARAT,Laki-Laki,24540
2020,DKI Jakarta,JAKARTA UTARA,PADEMANGAN,ANCOL,Laki-Laki,8248
2020,DKI Jakarta,JAKARTA UTARA,KELAPA GADING,KELAPA GADING TIMUR,Laki-Laki,10287
2020,DKI Jakarta,JAKARTA UTARA,KELAPA GADING,PEGANGSAAN DUA,Laki-Laki,15799
2020,DKI Jakarta,JAKARTA UTARA,KELAPA GADING,KELAPA GADING BARAT,Laki-Laki,11036
2020,DKI Jakarta,JAKARTA BARAT,CENGKARENG,CENGKARENG BARAT,Laki-Laki,20531
2020,DKI Jakarta,JAKARTA BARAT,CENGKARENG,DURI KOSAMBI,Laki-Laki,24690
2020,DKI Jakarta,JAKARTA BARAT,CENGKARENG,RAWA BUAYA,Laki-Laki,21125
2020,DKI Jakarta,JAKARTA BARAT,CENGKARENG,KEDAUNG KALI ANGKE,Laki-Laki,10987
2020,DKI Jakarta,JAKARTA BARAT,CENGKARENG,KAPUK,Laki-Laki,44668
2020,DKI Jakarta,JAKARTA BARAT,CENGKARENG,CENGKARENG TIMUR,Laki-Laki,26329
2020,DKI Jakarta,JAKARTA BARAT,GROGOL PETAMBURAN,GROGOL,Laki-Laki,5325
2020,DKI Jakarta,JAKARTA BARAT,GROGOL PETAMBURAN,TANJUNG DUREN UTARA,Laki-Laki,5248
2020,DKI Jakarta,JAKARTA BARAT,GROGOL PETAMBURAN,TOMANG,Laki-Laki,9356
2020,DKI Jakarta,JAKARTA BARAT,GROGOL PETAMBURAN,JELAMBAR,Laki-Laki,9405
2020,DKI Jakarta,JAKARTA BARAT,GROGOL PETAMBURAN,TANJUNG DUREN SELATAN,Laki-Laki,8026
2020,DKI Jakarta,JAKARTA BARAT,GROGOL PETAMBURAN,JELAMBAR BARU,Laki-Laki,11901
2020,DKI Jakarta,JAKARTA BARAT,GROGOL PETAMBURAN,WIJAYA KUSUMA,Laki-Laki,12571
2020,DKI Jakarta,JAKARTA BARAT,TAMAN SARI,TAMAN SARI,Laki-Laki,4219
2020,DKI Jakarta,JAKARTA BARAT,TAMAN SARI,KRUKUT,Laki-Laki,5776
2020,DKI Jakarta,JAKARTA BARAT,TAMAN SARI,MAPHAR,Laki-Laki,5033
2020,DKI Jakarta,JAKARTA BARAT,TAMAN SARI,TANGKI,Laki-Laki,3927
2020,DKI Jakarta,JAKARTA BARAT,TAMAN SARI,MANGGA BESAR,Laki-Laki,2303
2020,DKI Jakarta,JAKARTA BARAT,TAMAN SARI,KEAGUNGAN,Laki-Laki,5385
2020,DKI Jakarta,JAKARTA BARAT,TAMAN SARI,GLODOK,Laki-Laki,2251
2020,DKI Jakarta,JAKARTA BARAT,TAMAN SARI,PINANGSIA,Laki-Laki,3447
2020,DKI Jakarta,JAKARTA BARAT,TAMBORA,TAMBORA,Laki-Laki,3188
2020,DKI Jakarta,JAKARTA BARAT,TAMBORA,KALI ANYAR,Laki-Laki,7723
2020,DKI Jakarta,JAKARTA BARAT,TAMBORA,DURI UTARA,Laki-Laki,6014
2020,DKI Jakarta,JAKARTA BARAT,TAMBORA,TANAH SEREAL,Laki-Laki,7801
2020,DKI Jakarta,JAKARTA BARAT,TAMBORA,KRENDANG,Laki-Laki,6528
2020,DKI Jakarta,JAKARTA BARAT,TAMBORA,JEMBATAN BESI,Laki-Laki,9899
2020,DKI Jakarta,JAKARTA BARAT,TAMBORA,ANGKE,Laki-Laki,9118
2020,DKI Jakarta,JAKARTA BARAT,TAMBORA,JEMBATAN LIMA,Laki-Laki,6546
2020,DKI Jakarta,JAKARTA BARAT,TAMBORA,PEKOJAN,Laki-Laki,7010
2020,DKI Jakarta,JAKARTA BARAT,TAMBORA,ROA MALAKA,Laki-Laki,1054
2020,DKI Jakarta,JAKARTA BARAT,TAMBORA,DURI SELATAN,Laki-Laki,4200
2020,DKI Jakarta,JAKARTA BARAT,KEBON JERUK,KEBON JERUK,Laki-Laki,17101
2020,DKI Jakarta,JAKARTA BARAT,KEBON JERUK,SUKABUMI UTARA,Laki-Laki,11965
2020,DKI Jakarta,JAKARTA BARAT,KEBON JERUK,SUKABUMI SELATAN,Laki-Laki,11861
2020,DKI Jakarta,JAKARTA BARAT,KEBON JERUK,KELAPA DUA,Laki-Laki,7226
2020,DKI Jakarta,JAKARTA BARAT,KEBON JERUK,DURI KEPA,Laki-Laki,19148
2020,DKI Jakarta,JAKARTA BARAT,KEBON JERUK,KEDOYA UTARA,Laki-Laki,14491
2020,DKI Jakarta,JAKARTA BARAT,KEBON JERUK,KEDOYA SELATAN,Laki-Laki,10283
2020,DKI Jakarta,JAKARTA BARAT,KALI DERES,KALIDERES,Laki-Laki,23534
2020,DKI Jakarta,JAKARTA BARAT,KALI DERES,SEMANAN,Laki-Laki,23498
2020,DKI Jakarta,JAKARTA BARAT,KALI DERES,TEGAL ALUR,Laki-Laki,27801
2020,DKI Jakarta,JAKARTA BARAT,KALI DERES,KAMAL,Laki-Laki,17790
2020,DKI Jakarta,JAKARTA BARAT,KALI DERES,PEGADUNGAN,Laki-Laki,23848
2020,DKI Jakarta,JAKARTA BARAT,PAL MERAH,PALMERAH,Laki-Laki,19753
2020,DKI Jakarta,JAKARTA BARAT,PAL MERAH,SLIPI,Laki-Laki,5168
2020,DKI Jakarta,JAKARTA BARAT,PAL MERAH,KOTA BAMBU UTARA,Laki-Laki,7834
2020,DKI Jakarta,JAKARTA BARAT,PAL MERAH,JATIPULO,Laki-Laki,9038
2020,DKI Jakarta,JAKARTA BARAT,PAL MERAH,KEMANGGISAN,Laki-Laki,9909
2020,DKI Jakarta,JAKARTA BARAT,PAL MERAH,KOTA BAMBU SELATAN,Laki-Laki,6788
2020,DKI Jakarta,JAKARTA BARAT,KEMBANGAN,KEMBANGAN UTARA,Laki-Laki,17562
2020,DKI Jakarta,JAKARTA BARAT,KEMBANGAN,MERUYA UTARA,Laki-Laki,14323
2020,DKI Jakarta,JAKARTA BARAT,KEMBANGAN,MERUYA SELATAN,Laki-Laki,10270
2020,DKI Jakarta,JAKARTA BARAT,KEMBANGAN,SRENGSENG,Laki-Laki,14277
2020,DKI Jakarta,JAKARTA BARAT,KEMBANGAN,JOGLO,Laki-Laki,12860
2020,DKI Jakarta,JAKARTA BARAT,KEMBANGAN,KEMBANGAN SELATAN,Laki-Laki,8633
2020,DKI Jakarta,JAKARTA SELATAN,TEBET,TEBET TIMUR,Laki-Laki,5397
2020,DKI Jakarta,JAKARTA SELATAN,TEBET,TEBET BARAT,Laki-Laki,6474
2020,DKI Jakarta,JAKARTA SELATAN,TEBET,MENTENG DALAM,Laki-Laki,11431
2020,DKI Jakarta,JAKARTA SELATAN,TEBET,KEBON BARU,Laki-Laki,10834
2020,DKI Jakarta,JAKARTA SELATAN,TEBET,BUKIT DURI,Laki-Laki,10671
2020,DKI Jakarta,JAKARTA SELATAN,TEBET,MANGGARAI SELATAN,Laki-Laki,7166
2020,DKI Jakarta,JAKARTA SELATAN,TEBET,MANGGARAI,Laki-Laki,9069
2020,DKI Jakarta,JAKARTA SELATAN,SETIA BUDI,SETIA BUDI,Laki-Laki,961
2020,DKI Jakarta,JAKARTA SELATAN,SETIA BUDI,KARET SEMANGGI,Laki-Laki,927
2020,DKI Jakarta,JAKARTA SELATAN,SETIA BUDI,KARET KUNINGAN,Laki-Laki,5064
2020,DKI Jakarta,JAKARTA SELATAN,SETIA BUDI,KARET,Laki-Laki,3061
2020,DKI Jakarta,JAKARTA SELATAN,SETIA BUDI,MENTENG ATAS,Laki-Laki,8675
2020,DKI Jakarta,JAKARTA SELATAN,SETIA BUDI,PASAR MANGGIS,Laki-Laki,8551
2020,DKI Jakarta,JAKARTA SELATAN,SETIA BUDI,GUNTUR,Laki-Laki,1219
2020,DKI Jakarta,JAKARTA SELATAN,SETIA BUDI,KUNINGAN TIMUR,Laki-Laki,1947
2020,DKI Jakarta,JAKARTA SELATAN,MAMPANG PRAPATAN,MAMPANG PRAPATAN,Laki-Laki,5867
2020,DKI Jakarta,JAKARTA SELATAN,MAMPANG PRAPATAN,BANGKA,Laki-Laki,6989
2020,DKI Jakarta,JAKARTA SELATAN,MAMPANG PRAPATAN,PELA MAMPANG,Laki-Laki,13714
2020,DKI Jakarta,JAKARTA SELATAN,MAMPANG PRAPATAN,TEGAL PARANG,Laki-Laki,10450
2020,DKI Jakarta,JAKARTA SELATAN,MAMPANG PRAPATAN,KUNINGAN BARAT,Laki-Laki,4231
2020,DKI Jakarta,JAKARTA SELATAN,PASAR MINGGU,PASAR MINGGU,Laki-Laki,7910
2020,DKI Jakarta,JAKARTA SELATAN,PASAR MINGGU,JATI PADANG,Laki-Laki,11884
2020,DKI Jakarta,JAKARTA SELATAN,PASAR MINGGU,CILANDAK TIMUR,Laki-Laki,8949
2020,DKI Jakarta,JAKARTA SELATAN,PASAR MINGGU,RAGUNAN,Laki-Laki,12551
2020,DKI Jakarta,JAKARTA SELATAN,PASAR MINGGU,PEJATEN TIMUR,Laki-Laki,18384
2020,DKI Jakarta,JAKARTA SELATAN,PASAR MINGGU,PEJATEN BARAT,Laki-Laki,11677
2020,DKI Jakarta,JAKARTA SELATAN,PASAR MINGGU,KEBAGUSAN,Laki-Laki,14285
2020,DKI Jakarta,JAKARTA SELATAN,KEBAYORAN LAMA,KEBAYORAN LAMA UTARA,Laki-Laki,13760
2020,DKI Jakarta,JAKARTA SELATAN,KEBAYORAN LAMA,PONDOK PINANG,Laki-Laki,17248
2020,DKI Jakarta,JAKARTA SELATAN,KEBAYORAN LAMA,CIPULIR,Laki-Laki,12700
2020,DKI Jakarta,JAKARTA SELATAN,KEBAYORAN LAMA,GROGOL UTARA,Laki-Laki,13452
2020,DKI Jakarta,JAKARTA SELATAN,KEBAYORAN LAMA,GROGOL SELATAN,Laki-Laki,14022
2020,DKI Jakarta,JAKARTA SELATAN,KEBAYORAN LAMA,KEBAYORAN LAMA SELATAN,Laki-Laki,12966
2020,DKI Jakarta,JAKARTA SELATAN,CILANDAK,CILANDAK BARAT,Laki-Laki,16154
2020,DKI Jakarta,JAKARTA SELATAN,CILANDAK,LEBAK BULUS,Laki-Laki,11628
2020,DKI Jakarta,JAKARTA SELATAN,CILANDAK,PONDOK LABU,Laki-Laki,14134
2020,DKI Jakarta,JAKARTA SELATAN,CILANDAK,GANDARIA SELATAN,Laki-Laki,6905
2020,DKI Jakarta,JAKARTA SELATAN,CILANDAK,CIPETE SELATAN,Laki-Laki,8335
2020,DKI Jakarta,JAKARTA SELATAN,KEBAYORAN BARU,MELAWAI,Laki-Laki,767
2020,DKI Jakarta,JAKARTA SELATAN,KEBAYORAN BARU,GUNUNG,Laki-Laki,2885
2020,DKI Jakarta,JAKARTA SELATAN,KEBAYORAN BARU,KRAMAT PELA,Laki-Laki,4636
2020,DKI Jakarta,JAKARTA SELATAN,KEBAYORAN BARU,SELONG,Laki-Laki,880
2020,DKI Jakarta,JAKARTA SELATAN,KEBAYORAN BARU,RAWA BARAT,Laki-Laki,1700
2020,DKI Jakarta,JAKARTA SELATAN,KEBAYORAN BARU,SENAYAN,Laki-Laki,900
2020,DKI Jakarta,JAKARTA SELATAN,KEBAYORAN BARU,PULO,Laki-Laki,1633
2020,DKI Jakarta,JAKARTA SELATAN,KEBAYORAN BARU,PETOGOGAN,Laki-Laki,3655
2020,DKI Jakarta,JAKARTA SELATAN,KEBAYORAN BARU,GANDARIA UTARA,Laki-Laki,12367
2020,DKI Jakarta,JAKARTA SELATAN,KEBAYORAN BARU,CIPETE UTARA,Laki-Laki,10982
2020,DKI Jakarta,JAKARTA SELATAN,PANCORAN,PANCORAN,Laki-Laki,6191
2020,DKI Jakarta,JAKARTA SELATAN,PANCORAN,KALIBATA,Laki-Laki,13293
2020,DKI Jakarta,JAKARTA SELATAN,PANCORAN,RAWAJATI,Laki-Laki,6813
2020,DKI Jakarta,JAKARTA SELATAN,PANCORAN,DUREN TIGA,Laki-Laki,8910
2020,DKI Jakarta,JAKARTA SELATAN,PANCORAN,PENGADEGAN,Laki-Laki,6864
2020,DKI Jakarta,JAKARTA SELATAN,PANCORAN,CIKOKO,Laki-Laki,3417
2020,DKI Jakarta,JAKARTA SELATAN,JAGAKARSA,JAGAKARSA,Laki-Laki,19677
2020,DKI Jakarta,JAKARTA SELATAN,JAGAKARSA,SRENGSENG SAWAH,Laki-Laki,18495
2020,DKI Jakarta,JAKARTA SELATAN,JAGAKARSA,CIGANJUR,Laki-Laki,12258
2020,DKI Jakarta,JAKARTA SELATAN,JAGAKARSA,LENTENG AGUNG,Laki-Laki,17142
2020,DKI Jakarta,JAKARTA SELATAN,JAGAKARSA,TANJUNG BARAT,Laki-Laki,12495
2020,DKI Jakarta,JAKARTA SELATAN,JAGAKARSA,CIPEDAK,Laki-Laki,11880
2020,DKI Jakarta,JAKARTA SELATAN,PESANGGRAHAN,PESANGGRAHAN,Laki-Laki,8657
2020,DKI Jakarta,JAKARTA SELATAN,PESANGGRAHAN,BINTARO,Laki-Laki,16559
2020,DKI Jakarta,JAKARTA SELATAN,PESANGGRAHAN,PETUKANGAN UTARA,Laki-Laki,16874
2020,DKI Jakarta,JAKARTA SELATAN,PESANGGRAHAN,PETUKANGAN SELATAN,Laki-Laki,11543
2020,DKI Jakarta,JAKARTA SELATAN,PESANGGRAHAN,ULUJAMI,Laki-Laki,12972
2020,DKI Jakarta,JAKARTA TIMUR,MATRAMAN,PISANGAN BARU,Laki-Laki,10050
2020,DKI Jakarta,JAKARTA TIMUR,MATRAMAN,UTAN KAYU UTARA,Laki-Laki,8968
2020,DKI Jakarta,JAKARTA TIMUR,MATRAMAN,KAYU MANIS,Laki-Laki,8063
2020,DKI Jakarta,JAKARTA TIMUR,MATRAMAN,PALMERIAM,Laki-Laki,6346
2020,DKI Jakarta,JAKARTA TIMUR,MATRAMAN,KEBON MANGGIS,Laki-Laki,5197
2020,DKI Jakarta,JAKARTA TIMUR,MATRAMAN,UTAN KAYU SELATAN,Laki-Laki,10603
2020,DKI Jakarta,JAKARTA TIMUR,PULO GADUNG,PULO GADUNG,Laki-Laki,11389
2020,DKI Jakarta,JAKARTA TIMUR,PULO GADUNG,PISANGAN TIMUR,Laki-Laki,13019
2020,DKI Jakarta,JAKARTA TIMUR,PULO GADUNG,CIPINANG,Laki-Laki,12541
2020,DKI Jakarta,JAKARTA TIMUR,PULO GADUNG,JATINEGARA KAUM,Laki-Laki,8033
2020,DKI Jakarta,JAKARTA TIMUR,PULO GADUNG,RAWAMANGUN,Laki-Laki,11696
2020,DKI Jakarta,JAKARTA TIMUR,PULO GADUNG,KAYU PUTIH,Laki-Laki,13100
2020,DKI Jakarta,JAKARTA TIMUR,PULO GADUNG,JATI,Laki-Laki,10086
2020,DKI Jakarta,JAKARTA TIMUR,JATINEGARA,KAMPUNG MELAYU,Laki-Laki,8209
2020,DKI Jakarta,JAKARTA TIMUR,JATINEGARA,BIDARA CINA,Laki-Laki,11554
2020,DKI Jakarta,JAKARTA TIMUR,JATINEGARA,BALI MESTER,Laki-Laki,3044
2020,DKI Jakarta,JAKARTA TIMUR,JATINEGARA,RAWA BUNGA,Laki-Laki,6700
2020,DKI Jakarta,JAKARTA TIMUR,JATINEGARA,CIPINANG CEMPEDAK,Laki-Laki,9926
2020,DKI Jakarta,JAKARTA TIMUR,JATINEGARA,CIPINANG MUARA,Laki-Laki,17838
2020,DKI Jakarta,JAKARTA TIMUR,JATINEGARA,CIPINANG BESAR SELATAN,Laki-Laki,11295
2020,DKI Jakarta,JAKARTA TIMUR,JATINEGARA,CIPINANG BESAR UTARA,Laki-Laki,15006
2020,DKI Jakarta,JAKARTA TIMUR,KRAMATJATI,KRAMATJATI,Laki-Laki,11089
2020,DKI Jakarta,JAKARTA TIMUR,KRAMATJATI,TENGAH,Laki-Laki,14025
2020,DKI Jakarta,JAKARTA TIMUR,KRAMATJATI,DUKUH,Laki-Laki,7869
2020,DKI Jakarta,JAKARTA TIMUR,KRAMATJATI,BATU AMPAR,Laki-Laki,15021
2020,DKI Jakarta,JAKARTA TIMUR,KRAMATJATI,BALEKAMBANG,Laki-Laki,9127
2020,DKI Jakarta,JAKARTA TIMUR,KRAMATJATI,CILILITAN,Laki-Laki,12857
2020,DKI Jakarta,JAKARTA TIMUR,KRAMATJATI,CAWANG,Laki-Laki,10669
2020,DKI Jakarta,JAKARTA TIMUR,PASAR REBO,GEDONG,Laki-Laki,11242
2020,DKI Jakarta,JAKARTA TIMUR,PASAR REBO,BARU,Laki-Laki,7854
2020,DKI Jakarta,JAKARTA TIMUR,PASAR REBO,CIJANTUNG,Laki-Laki,13202
2020,DKI Jakarta,JAKARTA TIMUR,PASAR REBO,KALISARI,Laki-Laki,13520
2020,DKI Jakarta,JAKARTA TIMUR,PASAR REBO,PEKAYON,Laki-Laki,14322
2020,DKI Jakarta,JAKARTA TIMUR,CAKUNG,JATINEGARA,Laki-Laki,28899
2020,DKI Jakarta,JAKARTA TIMUR,CAKUNG,RAWA TERATE,Laki-Laki,8665
2020,DKI Jakarta,JAKARTA TIMUR,CAKUNG,PENGGILINGAN,Laki-Laki,31906
2020,DKI Jakarta,JAKARTA TIMUR,CAKUNG,CAKUNG TIMUR,Laki-Laki,19402
2020,DKI Jakarta,JAKARTA TIMUR,CAKUNG,PULO GEBANG,Laki-Laki,31237
2020,DKI Jakarta,JAKARTA TIMUR,CAKUNG,UJUNG MENTENG,Laki-Laki,9626
2020,DKI Jakarta,JAKARTA TIMUR,CAKUNG,CAKUNG BARAT,Laki-Laki,19547
2020,DKI Jakarta,JAKARTA TIMUR,DUREN SAWIT,DUREN SAWIT,Laki-Laki,19037
2020,DKI Jakarta,JAKARTA TIMUR,DUREN SAWIT,PONDOK BAMBU,Laki-Laki,19868
2020,DKI Jakarta,JAKARTA TIMUR,DUREN SAWIT,KLENDER,Laki-Laki,22457
2020,DKI Jakarta,JAKARTA TIMUR,DUREN SAWIT,PONDOK KELAPA,Laki-Laki,22457
2020,DKI Jakarta,JAKARTA TIMUR,DUREN SAWIT,MALAKA SARI,Laki-Laki,8233
2020,DKI Jakarta,JAKARTA TIMUR,DUREN SAWIT,MALAKA JAYA,Laki-Laki,9318
2020,DKI Jakarta,JAKARTA TIMUR,DUREN SAWIT,PONDOK KOPI,Laki-Laki,11136
2020,DKI Jakarta,JAKARTA TIMUR,MAKASAR,MAKASAR,Laki-Laki,11252
2020,DKI Jakarta,JAKARTA TIMUR,MAKASAR,PINANGRANTI,Laki-Laki,8875
2020,DKI Jakarta,JAKARTA TIMUR,MAKASAR,KEBON PALA,Laki-Laki,15385
2020,DKI Jakarta,JAKARTA TIMUR,MAKASAR,HALIM PERDANA KUSUMAH,Laki-Laki,8469
2020,DKI Jakarta,JAKARTA TIMUR,MAKASAR,CIPINANG MELAYU,Laki-Laki,13375
2020,DKI Jakarta,JAKARTA TIMUR,CIRACAS,CIRACAS,Laki-Laki,21113
2020,DKI Jakarta,JAKARTA TIMUR,CIRACAS,CIBUBUR,Laki-Laki,20913
2020,DKI Jakarta,JAKARTA TIMUR,CIRACAS,KELAPA DUA WETAN,Laki-Laki,15210
2020,DKI Jakarta,JAKARTA TIMUR,CIRACAS,SUSUKAN,Laki-Laki,12726
2020,DKI Jakarta,JAKARTA TIMUR,CIRACAS,RAMBUTAN,Laki-Laki,11944
2020,DKI Jakarta,JAKARTA TIMUR,CIPAYUNG,CIPAYUNG,Laki-Laki,8102
2020,DKI Jakarta,JAKARTA TIMUR,CIPAYUNG,CILANGKAP,Laki-Laki,8804
2020,DKI Jakarta,JAKARTA TIMUR,CIPAYUNG,PONDOK RANGGON,Laki-Laki,8124
2020,DKI Jakarta,JAKARTA TIMUR,CIPAYUNG,MUNJUL,Laki-Laki,7631
2020,DKI Jakarta,JAKARTA TIMUR,CIPAYUNG,SETU,Laki-Laki,6621
2020,DKI Jakarta,JAKARTA TIMUR,CIPAYUNG,BAMBU APUS,Laki-Laki,8590
2020,DKI Jakarta,JAKARTA TIMUR,CIPAYUNG,LUBANG BUAYA,Laki-Laki,19999
2020,DKI Jakarta,JAKARTA TIMUR,CIPAYUNG,CEGER,Laki-Laki,6126
2020,DKI Jakarta,ADM. KEPULAUAN SERIBU,KEPULAUAN SERIBU UTARA,PULAU PANGGANG,Perempuan,321
2020,DKI Jakarta,ADM. KEPULAUAN SERIBU,KEPULAUAN SERIBU UTARA,PULAU KELAPA,Perempuan,305
2020,DKI Jakarta,ADM. KEPULAUAN SERIBU,KEPULAUAN SERIBU UTARA,PULAU HARAPAN,Perempuan,111
2020,DKI Jakarta,ADM. KEPULAUAN SERIBU,KEPULAUAN SERIBU SELATAN,PULAU UNTUNG JAWA,Perempuan,114
2020,DKI Jakarta,ADM. KEPULAUAN SERIBU,KEPULAUAN SERIBU SELATAN,PULAU TIDUNG,Perempuan,274
2020,DKI Jakarta,ADM. KEPULAUAN SERIBU,KEPULAUAN SERIBU SELATAN,PULAU PARI,Perempuan,142
2020,DKI Jakarta,JAKARTA PUSAT,GAMBIR,GAMBIR,Perempuan,303
2020,DKI Jakarta,JAKARTA PUSAT,GAMBIR,CIDENG,Perempuan,1823
2020,DKI Jakarta,JAKARTA PUSAT,GAMBIR,PETOJO UTARA,Perempuan,1985
2020,DKI Jakarta,JAKARTA PUSAT,GAMBIR,PETOJO SELATAN,Perempuan,1598
2020,DKI Jakarta,JAKARTA PUSAT,GAMBIR,KEBON KELAPA,Perempuan,1289
2020,DKI Jakarta,JAKARTA PUSAT,GAMBIR,DURI PULO,Perempuan,1915
2020,DKI Jakarta,JAKARTA PUSAT,SAWAH BESAR,PASAR BARU,Perempuan,1579
2020,DKI Jakarta,JAKARTA PUSAT,SAWAH BESAR,KARANG ANYAR,Perempuan,2852
2020,DKI Jakarta,JAKARTA PUSAT,SAWAH BESAR,KARTINI,Perempuan,2755
2020,DKI Jakarta,JAKARTA PUSAT,SAWAH BESAR,GUNUNG SAHARI UTARA,Perempuan,2024
2020,DKI Jakarta,JAKARTA PUSAT,SAWAH BESAR,MANGGA DUA SELATAN,Perempuan,3376
2020,DKI Jakarta,JAKARTA PUSAT,KEMAYORAN,KEMAYORAN,Perempuan,2125
2020,DKI Jakarta,JAKARTA PUSAT,KEMAYORAN,KEBON KOSONG,Perempuan,3365
2020,DKI Jakarta,JAKARTA PUSAT,KEMAYORAN,HARAPAN MULIA,Perempuan,2084
2020,DKI Jakarta,JAKARTA PUSAT,KEMAYORAN,SERDANG,Perempuan,2703
2020,DKI Jakarta,JAKARTA PUSAT,KEMAYORAN,GUNUNG SAHARI SELATAN,Perempuan,2059
2020,DKI Jakarta,JAKARTA PUSAT,KEMAYORAN,CEMPAKA BARU,Perempuan,3189
2020,DKI Jakarta,JAKARTA PUSAT,KEMAYORAN,SUMUR BATU,Perempuan,2282
2020,DKI Jakarta,JAKARTA PUSAT,KEMAYORAN,UTAN PANJANG,Perempuan,2831
2020,DKI Jakarta,JAKARTA PUSAT,S E N E N,SENEN,Perempuan,788
2020,DKI Jakarta,JAKARTA PUSAT,S E N E N,KENARI,Perempuan,1037
2020,DKI Jakarta,JAKARTA PUSAT,S E N E N,PASEBAN,Perempuan,2687
2020,DKI Jakarta,JAKARTA PUSAT,S E N E N,KRAMAT,Perempuan,3142
2020,DKI Jakarta,JAKARTA PUSAT,S E N E N,KWITANG,Perempuan,1686
2020,DKI Jakarta,JAKARTA PUSAT,S E N E N,BUNGUR,Perempuan,1980
2020,DKI Jakarta,JAKARTA PUSAT,CEMPAKA PUTIH,CEMPAKA PUTIH TIMUR,Perempuan,2230
2020,DKI Jakarta,JAKARTA PUSAT,CEMPAKA PUTIH,CEMPAKA PUTIH BARAT,Perempuan,3433
2020,DKI Jakarta,JAKARTA PUSAT,CEMPAKA PUTIH,RAWASARI,Perempuan,2312
2020,DKI Jakarta,JAKARTA PUSAT,MENTENG,MENTENG,Perempuan,2491
2020,DKI Jakarta,JAKARTA PUSAT,MENTENG,PEGANGSAAN,Perempuan,2218
2020,DKI Jakarta,JAKARTA PUSAT,MENTENG,CIKINI,Perempuan,969
2020,DKI Jakarta,JAKARTA PUSAT,MENTENG,GONDANGDIA,Perempuan,444
2020,DKI Jakarta,JAKARTA PUSAT,MENTENG,KEBON SIRIH,Perempuan,1304
2020,DKI Jakarta,JAKARTA PUSAT,TANAH ABANG,GELORA,Perempuan,327
2020,DKI Jakarta,JAKARTA PUSAT,TANAH ABANG,BENDUNGAN HILIR,Perempuan,2652
2020,DKI Jakarta,JAKARTA PUSAT,TANAH ABANG,KARET TENGSIN,Perempuan,1938
2020,DKI Jakarta,JAKARTA PUSAT,TANAH ABANG,PETAMBURAN,Perempuan,3183
2020,DKI Jakarta,JAKARTA PUSAT,TANAH ABANG,KEBON MELATI,Perempuan,3427
2020,DKI Jakarta,JAKARTA PUSAT,TANAH ABANG,KEBON KACANG,Perempuan,2424
2020,DKI Jakarta,JAKARTA PUSAT,TANAH ABANG,KAMPUNG BALI,Perempuan,1267
2020,DKI Jakarta,JAKARTA PUSAT,JOHAR BARU,JOHAR BARU,Perempuan,3511
2020,DKI Jakarta,JAKARTA PUSAT,JOHAR BARU,KAMPUNG RAWA,Perempuan,1798
2020,DKI Jakarta,JAKARTA PUSAT,JOHAR BARU,GALUR,Perempuan,1535
2020,DKI Jakarta,JAKARTA PUSAT,JOHAR BARU,TANAH TINGGI,Perempuan,3726
2020,DKI Jakarta,JAKARTA UTARA,PENJARINGAN,PENJARINGAN,Perempuan,7945
2020,DKI Jakarta,JAKARTA UTARA,PENJARINGAN,KAMAL MUARA,Perempuan,970
2020,DKI Jakarta,JAKARTA UTARA,PENJARINGAN,KAPUK MUARA,Perempuan,2516
2020,DKI Jakarta,JAKARTA UTARA,PENJARINGAN,PEJAGALAN,Perempuan,6937
2020,DKI Jakarta,JAKARTA UTARA,PENJARINGAN,PLUIT,Perempuan,4297
2020,DKI Jakarta,JAKARTA UTARA,TANJUNG PRIOK,TANJUNG PRIOK,Perempuan,3347
2020,DKI Jakarta,JAKARTA UTARA,TANJUNG PRIOK,SUNTER JAYA,Perempuan,4834
2020,DKI Jakarta,JAKARTA UTARA,TANJUNG PRIOK,PAPANGGO,Perempuan,3204
2020,DKI Jakarta,JAKARTA UTARA,TANJUNG PRIOK,SUNGAI BAMBU,Perempuan,2823
2020,DKI Jakarta,JAKARTA UTARA,TANJUNG PRIOK,KEBON BAWANG,Perempuan,4578
2020,DKI Jakarta,JAKARTA UTARA,TANJUNG PRIOK,SUNTER AGUNG,Perempuan,6009
2020,DKI Jakarta,JAKARTA UTARA,TANJUNG PRIOK,WARAKAS,Perempuan,4066
2020,DKI Jakarta,JAKARTA UTARA,KOJA,KOJA,Perempuan,2615
2020,DKI Jakarta,JAKARTA UTARA,KOJA,TUGU UTARA,Perempuan,6144
2020,DKI Jakarta,JAKARTA UTARA,KOJA,LAGOA,Perempuan,5477
2020,DKI Jakarta,JAKARTA UTARA,KOJA,RAWA BADAK UTARA,Perempuan,2938
2020,DKI Jakarta,JAKARTA UTARA,KOJA,TUGU SELATAN,Perempuan,2941
2020,DKI Jakarta,JAKARTA UTARA,KOJA,RAWA BADAK SELATAN,Perempuan,3745
2020,DKI Jakarta,JAKARTA UTARA,CILINCING,CILINCING,Perempuan,3521
2020,DKI Jakarta,JAKARTA UTARA,CILINCING,SUKAPURA,Perempuan,4956
2020,DKI Jakarta,JAKARTA UTARA,CILINCING,MARUNDA,Perempuan,2079
2020,DKI Jakarta,JAKARTA UTARA,CILINCING,KALIBARU,Perempuan,6493
2020,DKI Jakarta,JAKARTA UTARA,CILINCING,SEMPER TIMUR,Perempuan,3036
2020,DKI Jakarta,JAKARTA UTARA,CILINCING,ROROTAN,Perempuan,2668
2020,DKI Jakarta,JAKARTA UTARA,CILINCING,SEMPER BARAT,Perempuan,6108
2020,DKI Jakarta,JAKARTA UTARA,PADEMANGAN,PADEMANGAN TIMUR,Perempuan,3529
2020,DKI Jakarta,JAKARTA UTARA,PADEMANGAN,PADEMANGAN BARAT,Perempuan,6884
2020,DKI Jakarta,JAKARTA UTARA,PADEMANGAN,ANCOL,Perempuan,2094
2020,DKI Jakarta,JAKARTA UTARA,KELAPA GADING,KELAPA GADING TIMUR,Perempuan,3149
2020,DKI Jakarta,JAKARTA UTARA,KELAPA GADING,PEGANGSAAN DUA,Perempuan,4187
2020,DKI Jakarta,JAKARTA UTARA,KELAPA GADING,KELAPA GADING BARAT,Perempuan,2897
2020,DKI Jakarta,JAKARTA BARAT,CENGKARENG,CENGKARENG BARAT,Perempuan,5078
2020,DKI Jakarta,JAKARTA BARAT,CENGKARENG,DURI KOSAMBI,Perempuan,5507
2020,DKI Jakarta,JAKARTA BARAT,CENGKARENG,RAWA BUAYA,Perempuan,4331
2020,DKI Jakarta,JAKARTA BARAT,CENGKARENG,KEDAUNG KALI ANGKE,Perempuan,2403
2020,DKI Jakarta,JAKARTA BARAT,CENGKARENG,KAPUK,Perempuan,9819
2020,DKI Jakarta,JAKARTA BARAT,CENGKARENG,CENGKARENG TIMUR,Perempuan,6643
2020,DKI Jakarta,JAKARTA BARAT,GROGOL PETAMBURAN,GROGOL,Perempuan,1624
2020,DKI Jakarta,JAKARTA BARAT,GROGOL PETAMBURAN,TANJUNG DUREN UTARA,Perempuan,1851
2020,DKI Jakarta,JAKARTA BARAT,GROGOL PETAMBURAN,TOMANG,Perempuan,2843
2020,DKI Jakarta,JAKARTA BARAT,GROGOL PETAMBURAN,JELAMBAR,Perempuan,2723
2020,DKI Jakarta,JAKARTA BARAT,GROGOL PETAMBURAN,TANJUNG DUREN SELATAN,Perempuan,2809
2020,DKI Jakarta,JAKARTA BARAT,GROGOL PETAMBURAN,JELAMBAR BARU,Perempuan,3364
2020,DKI Jakarta,JAKARTA BARAT,GROGOL PETAMBURAN,WIJAYA KUSUMA,Perempuan,3173
2020,DKI Jakarta,JAKARTA BARAT,TAMAN SARI,TAMAN SARI,Perempuan,1619
2020,DKI Jakarta,JAKARTA BARAT,TAMAN SARI,KRUKUT,Perempuan,2034
2020,DKI Jakarta,JAKARTA BARAT,TAMAN SARI,MAPHAR,Perempuan,1988
2020,DKI Jakarta,JAKARTA BARAT,TAMAN SARI,TANGKI,Perempuan,1794
2020,DKI Jakarta,JAKARTA BARAT,TAMAN SARI,MANGGA BESAR,Perempuan,893
2020,DKI Jakarta,JAKARTA BARAT,TAMAN SARI,KEAGUNGAN,Perempuan,1778
2020,DKI Jakarta,JAKARTA BARAT,TAMAN SARI,GLODOK,Perempuan,984
2020,DKI Jakarta,JAKARTA BARAT,TAMAN SARI,PINANGSIA,Perempuan,1174
2020,DKI Jakarta,JAKARTA BARAT,TAMBORA,TAMBORA,Perempuan,1105
2020,DKI Jakarta,JAKARTA BARAT,TAMBORA,KALI ANYAR,Perempuan,1916
2020,DKI Jakarta,JAKARTA BARAT,TAMBORA,DURI UTARA,Perempuan,1715
2020,DKI Jakarta,JAKARTA BARAT,TAMBORA,TANAH SEREAL,Perempuan,2625
2020,DKI Jakarta,JAKARTA BARAT,TAMBORA,KRENDANG,Perempuan,1744
2020,DKI Jakarta,JAKARTA BARAT,TAMBORA,JEMBATAN BESI,Perempuan,2437
2020,DKI Jakarta,JAKARTA BARAT,TAMBORA,ANGKE,Perempuan,2640
2020,DKI Jakarta,JAKARTA BARAT,TAMBORA,JEMBATAN LIMA,Perempuan,2035
2020,DKI Jakarta,JAKARTA BARAT,TAMBORA,PEKOJAN,Perempuan,2564
2020,DKI Jakarta,JAKARTA BARAT,TAMBORA,ROA MALAKA,Perempuan,412
2020,DKI Jakarta,JAKARTA BARAT,TAMBORA,DURI SELATAN,Perempuan,1334
2020,DKI Jakarta,JAKARTA BARAT,KEBON JERUK,KEBON JERUK,Perempuan,4062
2020,DKI Jakarta,JAKARTA BARAT,KEBON JERUK,SUKABUMI UTARA,Perempuan,2884
2020,DKI Jakarta,JAKARTA BARAT,KEBON JERUK,SUKABUMI SELATAN,Perempuan,2479
2020,DKI Jakarta,JAKARTA BARAT,KEBON JERUK,KELAPA DUA,Perempuan,1697
2020,DKI Jakarta,JAKARTA BARAT,KEBON JERUK,DURI KEPA,Perempuan,4810
2020,DKI Jakarta,JAKARTA BARAT,KEBON JERUK,KEDOYA UTARA,Perempuan,3399
2020,DKI Jakarta,JAKARTA BARAT,KEBON JERUK,KEDOYA SELATAN,Perempuan,2276
2020,DKI Jakarta,JAKARTA BARAT,KALI DERES,KALIDERES,Perempuan,5048
2020,DKI Jakarta,JAKARTA BARAT,KALI DERES,SEMANAN,Perempuan,4851
2020,DKI Jakarta,JAKARTA BARAT,KALI DERES,TEGAL ALUR,Perempuan,5986
2020,DKI Jakarta,JAKARTA BARAT,KALI DERES,KAMAL,Perempuan,3516
2020,DKI Jakarta,JAKARTA BARAT,KALI DERES,PEGADUNGAN,Perempuan,5387
2020,DKI Jakarta,JAKARTA BARAT,PAL MERAH,PALMERAH,Perempuan,4950
2020,DKI Jakarta,JAKARTA BARAT,PAL MERAH,SLIPI,Perempuan,1427
2020,DKI Jakarta,JAKARTA BARAT,PAL MERAH,KOTA BAMBU UTARA,Perempuan,2036
2020,DKI Jakarta,JAKARTA BARAT,PAL MERAH,JATIPULO,Perempuan,2427
2020,DKI Jakarta,JAKARTA BARAT,PAL MERAH,KEMANGGISAN,Perempuan,2617
2020,DKI Jakarta,JAKARTA BARAT,PAL MERAH,KOTA BAMBU SELATAN,Perempuan,1779
2020,DKI Jakarta,JAKARTA BARAT,KEMBANGAN,KEMBANGAN UTARA,Perempuan,3681
2020,DKI Jakarta,JAKARTA BARAT,KEMBANGAN,MERUYA UTARA,Perempuan,3179
2020,DKI Jakarta,JAKARTA BARAT,KEMBANGAN,MERUYA SELATAN,Perempuan,2094
2020,DKI Jakarta,JAKARTA BARAT,KEMBANGAN,SRENGSENG,Perempuan,3250
2020,DKI Jakarta,JAKARTA BARAT,KEMBANGAN,JOGLO,Perempuan,2751
2020,DKI Jakarta,JAKARTA BARAT,KEMBANGAN,KEMBANGAN SELATAN,Perempuan,1776
2020,DKI Jakarta,JAKARTA SELATAN,TEBET,TEBET TIMUR,Perempuan,1755
2020,DKI Jakarta,JAKARTA SELATAN,TEBET,TEBET BARAT,Perempuan,2117
2020,DKI Jakarta,JAKARTA SELATAN,TEBET,MENTENG DALAM,Perempuan,3389
2020,DKI Jakarta,JAKARTA SELATAN,TEBET,KEBON BARU,Perempuan,3151
2020,DKI Jakarta,JAKARTA SELATAN,TEBET,BUKIT DURI,Perempuan,3335
2020,DKI Jakarta,JAKARTA SELATAN,TEBET,MANGGARAI SELATAN,Perempuan,2263
2020,DKI Jakarta,JAKARTA SELATAN,TEBET,MANGGARAI,Perempuan,2795
2020,DKI Jakarta,JAKARTA SELATAN,SETIA BUDI,SETIA BUDI,Perempuan,360
2020,DKI Jakarta,JAKARTA SELATAN,SETIA BUDI,KARET SEMANGGI,Perempuan,323
2020,DKI Jakarta,JAKARTA SELATAN,SETIA BUDI,KARET KUNINGAN,Perempuan,1580
2020,DKI Jakarta,JAKARTA SELATAN,SETIA BUDI,KARET,Perempuan,1061
2020,DKI Jakarta,JAKARTA SELATAN,SETIA BUDI,MENTENG ATAS,Perempuan,2859
2020,DKI Jakarta,JAKARTA SELATAN,SETIA BUDI,PASAR MANGGIS,Perempuan,2553
2020,DKI Jakarta,JAKARTA SELATAN,SETIA BUDI,GUNTUR,Perempuan,456
2020,DKI Jakarta,JAKARTA SELATAN,SETIA BUDI,KUNINGAN TIMUR,Perempuan,584
2020,DKI Jakarta,JAKARTA SELATAN,MAMPANG PRAPATAN,MAMPANG PRAPATAN,Perempuan,1502
2020,DKI Jakarta,JAKARTA SELATAN,MAMPANG PRAPATAN,BANGKA,Perempuan,1959
2020,DKI Jakarta,JAKARTA SELATAN,MAMPANG PRAPATAN,PELA MAMPANG,Perempuan,3751
2020,DKI Jakarta,JAKARTA SELATAN,MAMPANG PRAPATAN,TEGAL PARANG,Perempuan,2679
2020,DKI Jakarta,JAKARTA SELATAN,MAMPANG PRAPATAN,KUNINGAN BARAT,Perempuan,1096
2020,DKI Jakarta,JAKARTA SELATAN,PASAR MINGGU,PASAR MINGGU,Perempuan,2163
2020,DKI Jakarta,JAKARTA SELATAN,PASAR MINGGU,JATI PADANG,Perempuan,3096
2020,DKI Jakarta,JAKARTA SELATAN,PASAR MINGGU,CILANDAK TIMUR,Perempuan,1872
2020,DKI Jakarta,JAKARTA SELATAN,PASAR MINGGU,RAGUNAN,Perempuan,3300
2020,DKI Jakarta,JAKARTA SELATAN,PASAR MINGGU,PEJATEN TIMUR,Perempuan,4553
2020,DKI Jakarta,JAKARTA SELATAN,PASAR MINGGU,PEJATEN BARAT,Perempuan,3072
2020,DKI Jakarta,JAKARTA SELATAN,PASAR MINGGU,KEBAGUSAN,Perempuan,3336
2020,DKI Jakarta,JAKARTA SELATAN,KEBAYORAN LAMA,KEBAYORAN LAMA UTARA,Perempuan,3428
2020,DKI Jakarta,JAKARTA SELATAN,KEBAYORAN LAMA,PONDOK PINANG,Perempuan,4522
2020,DKI Jakarta,JAKARTA SELATAN,KEBAYORAN LAMA,CIPULIR,Perempuan,3148
2020,DKI Jakarta,JAKARTA SELATAN,KEBAYORAN LAMA,GROGOL UTARA,Perempuan,3581
2020,DKI Jakarta,JAKARTA SELATAN,KEBAYORAN LAMA,GROGOL SELATAN,Perempuan,3569
2020,DKI Jakarta,JAKARTA SELATAN,KEBAYORAN LAMA,KEBAYORAN LAMA SELATAN,Perempuan,3370
2020,DKI Jakarta,JAKARTA SELATAN,CILANDAK,CILANDAK BARAT,Perempuan,4447
2020,DKI Jakarta,JAKARTA SELATAN,CILANDAK,LEBAK BULUS,Perempuan,2766
2020,DKI Jakarta,JAKARTA SELATAN,CILANDAK,PONDOK LABU,Perempuan,3420
2020,DKI Jakarta,JAKARTA SELATAN,CILANDAK,GANDARIA SELATAN,Perempuan,1912
2020,DKI Jakarta,JAKARTA SELATAN,CILANDAK,CIPETE SELATAN,Perempuan,2459
2020,DKI Jakarta,JAKARTA SELATAN,KEBAYORAN BARU,MELAWAI,Perempuan,299
2020,DKI Jakarta,JAKARTA SELATAN,KEBAYORAN BARU,GUNUNG,Perempuan,844
2020,DKI Jakarta,JAKARTA SELATAN,KEBAYORAN BARU,KRAMAT PELA,Perempuan,1303
2020,DKI Jakarta,JAKARTA SELATAN,KEBAYORAN BARU,SELONG,Perempuan,321
2020,DKI Jakarta,JAKARTA SELATAN,KEBAYORAN BARU,RAWA BARAT,Perempuan,584
2020,DKI Jakarta,JAKARTA SELATAN,KEBAYORAN BARU,SENAYAN,Perempuan,321
2020,DKI Jakarta,JAKARTA SELATAN,KEBAYORAN BARU,PULO,Perempuan,612
2020,DKI Jakarta,JAKARTA SELATAN,KEBAYORAN BARU,PETOGOGAN,Perempuan,1010
2020,DKI Jakarta,JAKARTA SELATAN,KEBAYORAN BARU,GANDARIA UTARA,Perempuan,3559
2020,DKI Jakarta,JAKARTA SELATAN,KEBAYORAN BARU,CIPETE UTARA,Perempuan,2869
2020,DKI Jakarta,JAKARTA SELATAN,PANCORAN,PANCORAN,Perempuan,1577
2020,DKI Jakarta,JAKARTA SELATAN,PANCORAN,KALIBATA,Perempuan,3407
2020,DKI Jakarta,JAKARTA SELATAN,PANCORAN,RAWAJATI,Perempuan,2053
2020,DKI Jakarta,JAKARTA SELATAN,PANCORAN,DUREN TIGA,Perempuan,2420
2020,DKI Jakarta,JAKARTA SELATAN,PANCORAN,PENGADEGAN,Perempuan,1840
2020,DKI Jakarta,JAKARTA SELATAN,PANCORAN,CIKOKO,Perempuan,927
2020,DKI Jakarta,JAKARTA SELATAN,JAGAKARSA,JAGAKARSA,Perempuan,4431
2020,DKI Jakarta,JAKARTA SELATAN,JAGAKARSA,SRENGSENG SAWAH,Perempuan,4122
2020,DKI Jakarta,JAKARTA SELATAN,JAGAKARSA,CIGANJUR,Perempuan,2650
2020,DKI Jakarta,JAKARTA SELATAN,JAGAKARSA,LENTENG AGUNG,Perempuan,4161
2020,DKI Jakarta,JAKARTA SELATAN,JAGAKARSA,TANJUNG BARAT,Perempuan,2814
2020,DKI Jakarta,JAKARTA SELATAN,JAGAKARSA,CIPEDAK,Perempuan,2599
2020,DKI Jakarta,JAKARTA SELATAN,PESANGGRAHAN,PESANGGRAHAN,Perempuan,2037
2020,DKI Jakarta,JAKARTA SELATAN,PESANGGRAHAN,BINTARO,Perempuan,4023
2020,DKI Jakarta,JAKARTA SELATAN,PESANGGRAHAN,PETUKANGAN UTARA,Perempuan,4062
2020,DKI Jakarta,JAKARTA SELATAN,PESANGGRAHAN,PETUKANGAN SELATAN,Perempuan,2872
2020,DKI Jakarta,JAKARTA SELATAN,PESANGGRAHAN,ULUJAMI,Perempuan,2842
2020,DKI Jakarta,JAKARTA TIMUR,MATRAMAN,PISANGAN BARU,Perempuan,3188
2020,DKI Jakarta,JAKARTA TIMUR,MATRAMAN,UTAN KAYU UTARA,Perempuan,2709
2020,DKI Jakarta,JAKARTA TIMUR,MATRAMAN,KAYU MANIS,Perempuan,2640
2020,DKI Jakarta,JAKARTA TIMUR,MATRAMAN,PALMERIAM,Perempuan,2102
2020,DKI Jakarta,JAKARTA TIMUR,MATRAMAN,KEBON MANGGIS,Perempuan,1741
2020,DKI Jakarta,JAKARTA TIMUR,MATRAMAN,UTAN KAYU SELATAN,Perempuan,2894
2020,DKI Jakarta,JAKARTA TIMUR,PULO GADUNG,PULO GADUNG,Perempuan,3106
2020,DKI Jakarta,JAKARTA TIMUR,PULO GADUNG,PISANGAN TIMUR,Perempuan,3589
2020,DKI Jakarta,JAKARTA TIMUR,PULO GADUNG,CIPINANG,Perempuan,3690
2020,DKI Jakarta,JAKARTA TIMUR,PULO GADUNG,JATINEGARA KAUM,Perempuan,1966
2020,DKI Jakarta,JAKARTA TIMUR,PULO GADUNG,RAWAMANGUN,Perempuan,3625
2020,DKI Jakarta,JAKARTA TIMUR,PULO GADUNG,KAYU PUTIH,Perempuan,4212
2020,DKI Jakarta,JAKARTA TIMUR,PULO GADUNG,JATI,Perempuan,2881
2020,DKI Jakarta,JAKARTA TIMUR,JATINEGARA,KAMPUNG MELAYU,Perempuan,2304
2020,DKI Jakarta,JAKARTA TIMUR,JATINEGARA,BIDARA CINA,Perempuan,3978
2020,DKI Jakarta,JAKARTA TIMUR,JATINEGARA,BALI MESTER,Perempuan,1155
2020,DKI Jakarta,JAKARTA TIMUR,JATINEGARA,RAWA BUNGA,Perempuan,2183
2020,DKI Jakarta,JAKARTA TIMUR,JATINEGARA,CIPINANG CEMPEDAK,Perempuan,3308
2020,DKI Jakarta,JAKARTA TIMUR,JATINEGARA,CIPINANG MUARA,Perempuan,4481
2020,DKI Jakarta,JAKARTA TIMUR,JATINEGARA,CIPINANG BESAR SELATAN,Perempuan,2845
2020,DKI Jakarta,JAKARTA TIMUR,JATINEGARA,CIPINANG BESAR UTARA,Perempuan,4030
2020,DKI Jakarta,JAKARTA TIMUR,KRAMATJATI,KRAMATJATI,Perempuan,2973
2020,DKI Jakarta,JAKARTA TIMUR,KRAMATJATI,TENGAH,Perempuan,3508
2020,DKI Jakarta,JAKARTA TIMUR,KRAMATJATI,DUKUH,Perempuan,1878
2020,DKI Jakarta,JAKARTA TIMUR,KRAMATJATI,BATU AMPAR,Perempuan,3732
2020,DKI Jakarta,JAKARTA TIMUR,KRAMATJATI,BALEKAMBANG,Perempuan,2234
2020,DKI Jakarta,JAKARTA TIMUR,KRAMATJATI,CILILITAN,Perempuan,3892
2020,DKI Jakarta,JAKARTA TIMUR,KRAMATJATI,CAWANG,Perempuan,3064
2020,DKI Jakarta,JAKARTA TIMUR,PASAR REBO,GEDONG,Perempuan,2750
2020,DKI Jakarta,JAKARTA TIMUR,PASAR REBO,BARU,Perempuan,1182
2020,DKI Jakarta,JAKARTA TIMUR,PASAR REBO,CIJANTUNG,Perempuan,2838
2020,DKI Jakarta,JAKARTA TIMUR,PASAR REBO,KALISARI,Perempuan,2688
2020,DKI Jakarta,JAKARTA TIMUR,PASAR REBO,PEKAYON,Perempuan,2815
2020,DKI Jakarta,JAKARTA TIMUR,CAKUNG,JATINEGARA,Perempuan,6348
2020,DKI Jakarta,JAKARTA TIMUR,CAKUNG,RAWA TERATE,Perempuan,1983
2020,DKI Jakarta,JAKARTA TIMUR,CAKUNG,PENGGILINGAN,Perempuan,7068
2020,DKI Jakarta,JAKARTA TIMUR,CAKUNG,CAKUNG TIMUR,Perempuan,3973
2020,DKI Jakarta,JAKARTA TIMUR,CAKUNG,PULO GEBANG,Perempuan,7133
2020,DKI Jakarta,JAKARTA TIMUR,CAKUNG,UJUNG MENTENG,Perempuan,2102
2020,DKI Jakarta,JAKARTA TIMUR,CAKUNG,CAKUNG BARAT,Perempuan,4293
2020,DKI Jakarta,JAKARTA TIMUR,DUREN SAWIT,DUREN SAWIT,Perempuan,4418
2020,DKI Jakarta,JAKARTA TIMUR,DUREN SAWIT,PONDOK BAMBU,Perempuan,4609
2020,DKI Jakarta,JAKARTA TIMUR,DUREN SAWIT,KLENDER,Perempuan,5620
2020,DKI Jakarta,JAKARTA TIMUR,DUREN SAWIT,PONDOK KELAPA,Perempuan,4937
2020,DKI Jakarta,JAKARTA TIMUR,DUREN SAWIT,MALAKA SARI,Perempuan,2419
2020,DKI Jakarta,JAKARTA TIMUR,DUREN SAWIT,MALAKA JAYA,Perempuan,2826
2020,DKI Jakarta,JAKARTA TIMUR,DUREN SAWIT,PONDOK KOPI,Perempuan,2622
2020,DKI Jakarta,JAKARTA TIMUR,MAKASAR,MAKASAR,Perempuan,2575
2020,DKI Jakarta,JAKARTA TIMUR,MAKASAR,PINANGRANTI,Perempuan,2163
2020,DKI Jakarta,JAKARTA TIMUR,MAKASAR,KEBON PALA,Perempuan,3707
2020,DKI Jakarta,JAKARTA TIMUR,MAKASAR,HALIM PERDANA KUSUMAH,Perempuan,1064
2020,DKI Jakarta,JAKARTA TIMUR,MAKASAR,CIPINANG MELAYU,Perempuan,3360
2020,DKI Jakarta,JAKARTA TIMUR,CIRACAS,CIRACAS,Perempuan,4872
2020,DKI Jakarta,JAKARTA TIMUR,CIRACAS,CIBUBUR,Perempuan,4718
2020,DKI Jakarta,JAKARTA TIMUR,CIRACAS,KELAPA DUA WETAN,Perempuan,3630
2020,DKI Jakarta,JAKARTA TIMUR,CIRACAS,SUSUKAN,Perempuan,2892
2020,DKI Jakarta,JAKARTA TIMUR,CIRACAS,RAMBUTAN,Perempuan,2712
2020,DKI Jakarta,JAKARTA TIMUR,CIPAYUNG,CIPAYUNG,Perempuan,1666
2020,DKI Jakarta,JAKARTA TIMUR,CIPAYUNG,CILANGKAP,Perempuan,1652
2020,DKI Jakarta,JAKARTA TIMUR,CIPAYUNG,PONDOK RANGGON,Perempuan,1531
2020,DKI Jakarta,JAKARTA TIMUR,CIPAYUNG,MUNJUL,Perempuan,1632
2020,DKI Jakarta,JAKARTA TIMUR,CIPAYUNG,SETU,Perempuan,1333
2020,DKI Jakarta,JAKARTA TIMUR,CIPAYUNG,BAMBU APUS,Perempuan,1844
2020,DKI Jakarta,JAKARTA TIMUR,CIPAYUNG,LUBANG BUAYA,Perempuan,4236
2020,DKI Jakarta,JAKARTA TIMUR,CIPAYUNG,CEGER,Perempuan,1395
